"case_id","doc_names"
"Case14017","BCBS_FEP_204109 Genetic Testing for Epilepsy.pdf"
"Case1778","CapitalBC_whole-exome-and-whole-genome-sequencing-for-diagnosis-of-genetic-disorders.pdf"
"Case4604","BCBS_FEP_20459 Genetic Testing for Developmental.pdf"
"Case3422","Commonwealthcare_genetictesting.pdf"
"Case10917","BCBS_FEP_204102 Whole Exome and.pdf"
"Case18821","CapitalBC_whole-exome-and-whole-genome-sequencing-for-diagnosis-of-genetic-disorders.pdf"
"Case13","BCBS_FEP_20459 Genetic Testing for Developmental.pdf"
"Case8621","BCBS_FEP_204102 Whole Exome and.pdf"
"Case8051","CapitalBC_whole-exome-and-whole-genome-sequencing-for-diagnosis-of-genetic-disorders.pdf"
"Case13517","BCBS_FEP_204102 Whole Exome and.pdf"
"Case3359","BCBS_FEP_204102 Whole Exome and.pdf"
"Case2496","V2.2023 Concert Genetic Testing- Exome & Genome Sequencing for Dx of Genetic Disorders.pdf"
"Case8485","Cigna_MOL.TS_.306.C_Whole_Genome_Sequencing_Cigna_eff01.01.2025_pub09.10.2024.pdf"
"Case5674","BCBS_FEP_204109 Genetic Testing for Epilepsy.pdf"
"Case3494","Cigna_MOL.TS_.306.C_Whole_Genome_Sequencing_Cigna_eff01.01.2025_pub09.10.2024.pdf"
"Case7297","BCBS_FEP_204102 Whole Exome and.pdf"
"Case9978","BCBS_FEP_204109 Genetic Testing for Epilepsy.pdf"
"Case4196","BCBS_FEP_20459 Genetic Testing for Developmental.pdf"
"Case14141","CapitalBC_whole-exome-and-whole-genome-sequencing-for-diagnosis-of-genetic-disorders.pdf"
"Case18882","BCBS_HW_GTM Whole Genome and Whole Exome Sequencing AHS-M2032 2025-0201.pdf"
"Case5230","BCBS_FEP_204102 Whole Exome and.pdf"
"Case11124","V2.2023 Concert Genetic Testing- Exome & Genome Sequencing for Dx of Genetic Disorders.pdf"
"Case8288","V2.2023 Concert Genetic Testing- Exome & Genome Sequencing for Dx of Genetic Disorders.pdf"
"Case7376","Cigna_MOL.TS_.235.C_Whole_Exome_Sequencing_Cigna_eff01.01.2025_pub09.20.2024.pdf"
"Case7682","BCBS_FEP_204102 Whole Exome and.pdf"
"Case19905","BCBS_HW_GTM Whole Genome and Whole Exome Sequencing AHS-M2032 2025-0201.pdf"
"Case2847","BCBS_HW_GTM Whole Genome and Whole Exome Sequencing AHS-M2032 2025-0201.pdf"
"Case10529","BCBS_FEP_204102 Whole Exome and.pdf"
"Case16487","BCBS_FEP_204102 Whole Exome and.pdf"
"Case811","BCBS_FEP_20459 Genetic Testing for Developmental.pdf"
"Case9408","BCBS_FEP_204109 Genetic Testing for Epilepsy.pdf"
"Case4067","BCBS_FEP_204102 Whole Exome and.pdf"
"Case4982","CapitalBC_whole-exome-and-whole-genome-sequencing-for-diagnosis-of-genetic-disorders.pdf"
"Case8710","BCBS_FEP_204102 Whole Exome and.pdf"
"Case13613","CapitalBC_whole-exome-and-whole-genome-sequencing-for-diagnosis-of-genetic-disorders.pdf"
"Case1501","V2.2023 Concert Genetic Testing- Exome & Genome Sequencing for Dx of Genetic Disorders.pdf"
"Case10451","BCBS_FEP_204102 Whole Exome and.pdf"
"Case4262","CapitalBC_whole-exome-and-whole-genome-sequencing-for-diagnosis-of-genetic-disorders.pdf"
"Case19321","BCBS_FEP_204102 Whole Exome and.pdf"
"Case11795","BCBS_FEP_204114 Genetic Testing for Idiopathic.pdf"
"Case9349","BCBS_FEP_204114 Genetic Testing for Idiopathic.pdf"
"Case14127","CapitalBC_whole-exome-and-whole-genome-sequencing-for-diagnosis-of-genetic-disorders.pdf"
"Case950","CapitalBC_medical-policy-genetic-testing-for-epilepsy.pdf"
"Case15834","BCBS_FEP_204102 Whole Exome and.pdf"
"Case14371","BCBS_FEP_204102 Whole Exome and.pdf"
"Case1130","BCBS_FEP_204109 Genetic Testing for Epilepsy.pdf"
"Case11514","CapitalBC_whole-exome-and-whole-genome-sequencing-for-diagnosis-of-genetic-disorders.pdf"
"Case13675","CapitalBC_whole-exome-and-whole-genome-sequencing-for-diagnosis-of-genetic-disorders.pdf"
"Case3474","BCBS_FEP_204102 Whole Exome and.pdf"
"Case13983","CapitalBC_whole-exome-and-whole-genome-sequencing-for-diagnosis-of-genetic-disorders.pdf"
"Case11981","BCBS_FEP_204102 Whole Exome and.pdf"
"Case10427","CapitalBC_whole-exome-and-whole-genome-sequencing-for-diagnosis-of-genetic-disorders.pdf"
"Case17822","BCBS_FEP_204102 Whole Exome and.pdf"
"Case6747","CapitalBC_whole-exome-and-whole-genome-sequencing-for-diagnosis-of-genetic-disorders.pdf"
"Case15938","Cigna_MOL.TS_.306.C_Whole_Genome_Sequencing_Cigna_eff01.01.2025_pub09.10.2024.pdf"
"Case18868","BCBS_HW_GTM General Genetic Testing - Germline Disorders AHS-M2145 2025-0201.pdf"
"Case2162","BCBS_FEP_20459 Genetic Testing for Developmental.pdf"
"Case7447","CapitalBC_whole-exome-and-whole-genome-sequencing-for-diagnosis-of-genetic-disorders.pdf"
"Case5380","BCBS_FEP_204102 Whole Exome and.pdf"
"Case3465","CapitalBC_whole-exome-and-whole-genome-sequencing-for-diagnosis-of-genetic-disorders.pdf"
"Case5885","BCBS_FEP_204102 Whole Exome and.pdf"
"Case19162","CapitalBC_whole-exome-and-whole-genome-sequencing-for-diagnosis-of-genetic-disorders.pdf"
"Case7604","BCBS_FEP_204102 Whole Exome and.pdf"
"Case8661","BCBS_FEP_204102 Whole Exome and.pdf"
"Case10850","BCBS_FEP_204102 Whole Exome and.pdf"
"Case13406","V2.2023 Concert Genetic Testing- Exome & Genome Sequencing for Dx of Genetic Disorders.pdf"
"Case7014","BCBS_FEP_204102 Whole Exome and.pdf"
"Case6451","BCBS_FEP_204102 Whole Exome and.pdf"
"Case18281","United Healthcare_genetic-testing-cardiac-disease.pdf"
"Case10363","BCBS_FEP_204102 Whole Exome and.pdf"
"Case15557","BCBS_FEP_204102 Whole Exome and.pdf"
"Case4512","BCBS_FEP_204114 Genetic Testing for Idiopathic.pdf"
"Case1428","CapitalBC_whole-exome-and-whole-genome-sequencing-for-diagnosis-of-genetic-disorders.pdf"
"Case5605","BCBS_HW_GTM General Genetic Testing - Germline Disorders AHS-M2145 2025-0201.pdf"
"Case14155","CapitalBC_whole-exome-and-whole-genome-sequencing-for-diagnosis-of-genetic-disorders.pdf"
"Case3223","BCBS_FEP_204126 Germline Genetic Testing for Gene.pdf"
"Case14195","BCBS_HW_GTM Genetic Testing for Breast, Ovarian, Pancreatic, and Prostate Cancers AHS–M2003 2025-0201.pdf"
"Case22","BCBS_FEP_204126 Germline Genetic Testing for Gene.pdf"
"Case19255","BCBS_FEP_20402 Germline Genetic Testing for.pdf"
"Case15458","BCBS_FEP_204126 Germline Genetic Testing for Gene.pdf"
"Case6867","BCBS_FEP_204126 Germline Genetic Testing for Gene.pdf"
"Case16126","BCBS_FEP_20459 Genetic Testing for Developmental.pdf"
"Case2211","BCBS_FEP_20402 Germline Genetic Testing for.pdf"
"Case14408","BCBS_FEP_20402 Germline Genetic Testing for.pdf"
"Case16246","BCBS_FEP_20402 Germline Genetic Testing for.pdf"
"Case2007","BCBS_FEP_204126 Germline Genetic Testing for Gene.pdf"
"Case15570","BCBS_HW_GTM Genetic Testing for Breast, Ovarian, Pancreatic, and Prostate Cancers AHS–M2003 2025-0201.pdf"
"Case6478","BCBS_FEP_20402 Germline Genetic Testing for.pdf"
"Case3677","Cigna_MOL.TS_.238.A_BRCA_Analysis_eff01.01.2025_pub09.10.2024_1.pdf"
"Case3581","CapitalBC_BRCA.pdf"
"Case15202","BCBS_FEP_204126 Germline Genetic Testing for Gene.pdf"
"Case18257","Capital Health Plan_BRCA.pdf"
"Case12792","BCBS_FEP_20459 Genetic Testing for Developmental.pdf"
"Case14226","Cigna_MOL.TS_.182.A_Hereditary_Cancer_Syndrome_Panels_eff01.01.2025_pub09.10.2024_upd11.18.2024_1.pdf"
"Case5303","CapitalBC_whole-exome-and-whole-genome-sequencing-for-diagnosis-of-genetic-disorders.pdf"
"Case2666","BCBS_Kansas_germline-genetic-testing-hereditary-breastovarian-cancer-syndrome-and-other-high.pdf"
"Case3592","Cigna_MOL.TS_.257.A_Epilepsy_Genetic_Testing_eff01.01.2025_09.12.2024_0.pdf"
"Case17595","BCBS_FEP_20487 Genetic Testing for HHL.pdf"
"Case5834","BCBS_NE_V59.pdf"
"Case15820","BCBS_FEP_20459 Genetic Testing for Developmental.pdf"
"Case17929","BCBS_FEP_20459 Genetic Testing for Developmental.pdf"
"Case17196","BCBS_HW_GTM General Genetic Testing - Germline Disorders AHS-M2145 2025-0201.pdf"
"Case11855","BCBS_FEP_20459 Genetic Testing for Developmental.pdf"
"Case12834","Cigna_MOL.TS_.269.A_Autism_eff01.01.2025_pub09.12.2024_0.pdf"
"Case10075","CapitalBC_whole-exome-and-whole-genome-sequencing-for-diagnosis-of-genetic-disorders.pdf"
"Case9773","BCBS_HW_GTM General Genetic Testing - Germline Disorders AHS-M2145 2025-0201.pdf"
